{"cameraMode":{"drawMode":0,"name":"Shaded","section":"Shading Mode"},"sceneLighting":false,"audioPlay":false,"sceneViewState":{"m_AlwaysRefresh":false,"showFog":true,"showSkybox":false,"showFlares":true,"showImageEffects":true,"showParticleSystems":true,"showVisualEffectGraphs":true,"m_FxEnabled":true},"in2DMode":false,"pivot":{"x":-0.22001886367797852,"y":-0.05397391319274902,"z":-0.03550910949707031},"rotation":{"x":-0.1304294914007187,"y":0.6977834105491638,"z":-0.13152864575386048,"w":-0.691946804523468},"size":1.3141429424285889,"orthographic":false}