{"cameraMode":{"drawMode":0,"name":"Shaded","section":"Shading Mode"},"sceneLighting":true,"audioPlay":false,"sceneViewState":{"m_AlwaysRefresh":false,"showFog":true,"showSkybox":true,"showFlares":true,"showImageEffects":true,"showParticleSystems":true,"showVisualEffectGraphs":true,"m_FxEnabled":true},"in2DMode":false,"pivot":{"x":-20.435422897338868,"y":9.294139862060547,"z":2.0227460861206056},"rotation":{"x":-0.15289607644081117,"y":0.5250144600868225,"z":-0.09651472419500351,"w":-0.8316761255264282},"size":10.164153099060059,"orthographic":false}