{"cameraMode":{"drawMode":0,"name":"Shaded","section":"Shading Mode"},"sceneLighting":true,"audioPlay":false,"sceneViewState":{"m_AlwaysRefresh":false,"showFog":true,"showSkybox":true,"showFlares":true,"showImageEffects":true,"showParticleSystems":true,"showVisualEffectGraphs":true,"m_FxEnabled":true},"in2DMode":false,"pivot":{"x":2.868741512298584,"y":-0.039494991302490237,"z":3.6920318603515627},"rotation":{"x":-0.4148670732975006,"y":-0.0076439171098172668,"z":0.0034861185122281315,"w":-0.9098480939865112},"size":6.18625545501709,"orthographic":false}