{"cameraMode":{"drawMode":0,"name":"Shaded","section":"Shading Mode"},"sceneLighting":true,"audioPlay":false,"sceneViewState":{"m_AlwaysRefresh":false,"showFog":true,"showSkybox":true,"showFlares":true,"showImageEffects":true,"showParticleSystems":true,"showVisualEffectGraphs":true,"m_FxEnabled":true},"in2DMode":false,"pivot":{"x":1.9856805801391602,"y":1.4780707359313965,"z":-0.5523405075073242},"rotation":{"x":-0.4127103090286255,"y":-0.05677807703614235,"z":0.025791415944695474,"w":-0.9087315201759338},"size":5.433974742889404,"orthographic":false}