{"cameraMode":{"drawMode":0,"name":"Shaded","section":"Shading Mode"},"sceneLighting":true,"audioPlay":false,"sceneViewState":{"m_AlwaysRefresh":false,"showFog":true,"showSkybox":true,"showFlares":true,"showImageEffects":true,"showParticleSystems":true,"showVisualEffectGraphs":true,"m_FxEnabled":true},"in2DMode":false,"pivot":{"x":2.4116463661193849,"y":-0.3852708339691162,"z":1.143279790878296},"rotation":{"x":-0.1810600906610489,"y":0.11389821767807007,"z":-0.021119307726621629,"w":-0.9766355156898499},"size":2.748910665512085,"orthographic":false}